Title,Source,Time,Link
Economic and Social Reports Import prices and inflation in Canada,Statistique Canada,2023-06-28,https://news.google.com/articles/CBMiTGh0dHBzOi8vd3d3MTUwLnN0YXRjYW4uZ2MuY2EvbjEvcHViLzM2LTI4LTAwMDEvMjAyMzAwNi9hcnRpY2xlLzAwMDAyLWVuZy5odG3SAQA?hl=en-CA&gl=CA&ceid=CA%3Aen
How higher interest rates affect inflation,Bank of Canada,2023-12-21,https://news.google.com/articles/CBMiT2h0dHBzOi8vd3d3LmJhbmtvZmNhbmFkYS5jYS8yMDIzLzEyL2hvdy1oaWdoZXItaW50ZXJlc3QtcmF0ZXMtYWZmZWN0LWluZmxhdGlvbi_SAQA?hl=en-CA&gl=CA&ceid=CA%3Aen
Inflation cools to 3.8% in September. What that means for the Bank of Canada,Global News,2023-10-17,https://news.google.com/articles/CBMiRGh0dHBzOi8vZ2xvYmFsbmV3cy5jYS9uZXdzLzEwMDI5NjQ4L2NhbmFkYS1pbmZsYXRpb24tc2VwdGVtYmVyLTIwMjMv0gFIaHR0cHM6Ly9nbG9iYWxuZXdzLmNhL25ld3MvMTAwMjk2NDgvY2FuYWRhLWluZmxhdGlvbi1zZXB0ZW1iZXItMjAyMy9hbXAv?hl=en-CA&gl=CA&ceid=CA%3Aen
Canada's inflation rate falls to 2.8%,CBC News,2023-07-18,https://news.google.com/articles/CBMiRWh0dHBzOi8vd3d3LmNiYy5jYS9uZXdzL2J1c2luZXNzL2NhbmFkYS1pbmZsYXRpb24tcmF0ZS1qdW5lLTEuNjkwOTYzNdIBIGh0dHBzOi8vd3d3LmNiYy5jYS9hbXAvMS42OTA5NjM1?hl=en-CA&gl=CA&ceid=CA%3Aen
"Proof Point: Food inflation will slow, but don't expect prices to drop",RBC Thought Leadership -,2023-06-14,https://news.google.com/articles/CBMiZmh0dHBzOi8vdGhvdWdodGxlYWRlcnNoaXAucmJjLmNvbS9wcm9vZi1wb2ludC1mb29kLWluZmxhdGlvbi13aWxsLXNsb3ctYnV0LWRvbnQtZXhwZWN0LXByaWNlcy10by1kcm9wL9IBAA?hl=en-CA&gl=CA&ceid=CA%3Aen
The BoC's Shelter Inflation Problem,TD Economics,2024-02-20,https://news.google.com/articles/CBMiOWh0dHBzOi8vZWNvbm9taWNzLnRkLmNvbS9jYS1ib2Mtc2hlbHRlci1pbmZsYXRpb24tcHJvYmxlbdIBAA?hl=en-CA&gl=CA&ceid=CA%3Aen
"Eh Sayers Season 3 Episode 4 - In a Movie About the Economy, Is Inflation the Bad Guy?",Statistique Canada,2023-04-19,https://news.google.com/articles/CBMiO2h0dHBzOi8vd3d3LnN0YXRjYW4uZ2MuY2EvZW4vc2MvcG9kY2FzdHMvZWgtc2F5ZXJzLXMwMy1lcDA00gEA?hl=en-CA&gl=CA&ceid=CA%3Aen
Supply Drivers of US Inflation Since the COVID-19 Pandemic,Bank of Canada,2023-03-31,https://news.google.com/articles/CBMiQGh0dHBzOi8vd3d3LmJhbmtvZmNhbmFkYS5jYS8yMDIzLzAzL3N0YWZmLXdvcmtpbmctcGFwZXItMjAyMy0xOS_SAQA?hl=en-CA&gl=CA&ceid=CA%3Aen
Canada's inflation rate slowed to 2.9% in January as gas prices fell,CBC.ca,2024-02-20,https://news.google.com/articles/CBMiQWh0dHBzOi8vd3d3LmNiYy5jYS9uZXdzL2J1c2luZXNzL2luZmxhdGlvbi1qYW51YXJ5LTIwMjQtMS43MTE5Nzk20gEgaHR0cHM6Ly93d3cuY2JjLmNhL2FtcC8xLjcxMTk3OTY?hl=en-CA&gl=CA&ceid=CA%3Aen
Economic and Social Reports Switching stores to cope with high inflation: Food sales at food and beverage stores and ...,Statistique Canada,2023-07-26,https://news.google.com/articles/CBMiTGh0dHBzOi8vd3d3MTUwLnN0YXRjYW4uZ2MuY2EvbjEvcHViLzM2LTI4LTAwMDEvMjAyMzAwNy9hcnRpY2xlLzAwMDA1LWVuZy5odG3SAQA?hl=en-CA&gl=CA&ceid=CA%3Aen
Ending the pain of high inflation,Bank of Canada,2023-11-22,https://news.google.com/articles/CBMiRmh0dHBzOi8vd3d3LmJhbmtvZmNhbmFkYS5jYS8yMDIzLzExL2VuZGluZy10aGUtcGFpbi1vZi1oaWdoLWluZmxhdGlvbi_SAQA?hl=en-CA&gl=CA&ceid=CA%3Aen
"Canada's inflation rate slows to 3.4%, lowest level in almost 2 years",CBC News,2023-06-27,https://news.google.com/articles/CBMiPWh0dHBzOi8vd3d3LmNiYy5jYS9uZXdzL2J1c2luZXNzL2luZmxhdGlvbi1yYXRlLW1heS0xLjY4ODk3MjXSASBodHRwczovL3d3dy5jYmMuY2EvYW1wLzEuNjg4OTcyNQ?hl=en-CA&gl=CA&ceid=CA%3Aen
"Economic and Social Reports Inflationary pressures, wages and profits",Statistique Canada,2023-06-28,https://news.google.com/articles/CBMiTGh0dHBzOi8vd3d3MTUwLnN0YXRjYW4uZ2MuY2EvbjEvcHViLzM2LTI4LTAwMDEvMjAyMzAwNi9hcnRpY2xlLzAwMDA1LWVuZy5odG3SAQA?hl=en-CA&gl=CA&ceid=CA%3Aen
Fighting to get back to low inflation,Bank of Canada,2023-11-22,https://news.google.com/articles/CBMiSmh0dHBzOi8vd3d3LmJhbmtvZmNhbmFkYS5jYS8yMDIzLzExL2ZpZ2h0aW5nLXRvLWdldC1iYWNrLXRvLWxvdy1pbmZsYXRpb24v0gEA?hl=en-CA&gl=CA&ceid=CA%3Aen
Economic and Social Reports Markups and inflation: Evidence from firm-level data,Statistique Canada,2023-06-28,https://news.google.com/articles/CBMiTGh0dHBzOi8vd3d3MTUwLnN0YXRjYW4uZ2MuY2EvbjEvcHViLzM2LTI4LTAwMDEvMjAyMzAwNi9hcnRpY2xlLzAwMDA0LWVuZy5odG3SAQA?hl=en-CA&gl=CA&ceid=CA%3Aen
Understanding the unusual: How firms set prices during periods of high inflation,Bank of Canada,2023-10-03,https://news.google.com/articles/CBMidGh0dHBzOi8vd3d3LmJhbmtvZmNhbmFkYS5jYS8yMDIzLzEwL3VuZGVyc3RhbmRpbmctdGhlLXVudXN1YWwtaG93LWZpcm1zLXNldC1wcmljZXMtZHVyaW5nLXBlcmlvZHMtb2YtaGlnaC1pbmZsYXRpb24v0gEA?hl=en-CA&gl=CA&ceid=CA%3Aen
Corporate profitability and inflation: 2017 to 2022,Statistique Canada,2023-07-27,https://news.google.com/articles/CBMiRGh0dHBzOi8vd3d3MTUwLnN0YXRjYW4uZ2MuY2EvbjEvcHViLzYyZjAwMTRtLzYyZjAwMTRtMjAyMzAwNC1lbmcuaHRt0gEA?hl=en-CA&gl=CA&ceid=CA%3Aen
Getting inflation back to 2%,Bank of Canada,2023-05-04,https://news.google.com/articles/CBMiQGh0dHBzOi8vd3d3LmJhbmtvZmNhbmFkYS5jYS8yMDIzLzA1L2dldHRpbmctaW5mbGF0aW9uLWJhY2stdG8tMi_SAQA?hl=en-CA&gl=CA&ceid=CA%3Aen
What population growth means for the economy and inflation,Bank of Canada,2023-12-07,https://news.google.com/articles/CBMiX2h0dHBzOi8vd3d3LmJhbmtvZmNhbmFkYS5jYS8yMDIzLzEyL3doYXQtcG9wdWxhdGlvbi1ncm93dGgtbWVhbnMtZm9yLXRoZS1lY29ub215LWFuZC1pbmZsYXRpb24v0gEA?hl=en-CA&gl=CA&ceid=CA%3Aen
How price setting influences inflation,Bank of Canada,2023-10-03,https://news.google.com/articles/CBMiS2h0dHBzOi8vd3d3LmJhbmtvZmNhbmFkYS5jYS8yMDIzLzEwL2hvdy1wcmljZS1zZXR0aW5nLWluZmx1ZW5jZXMtaW5mbGF0aW9uL9IBAA?hl=en-CA&gl=CA&ceid=CA%3Aen
Canada's inflation rate cools to 3.1% but the cost of living keeps going up,CBC.ca,2023-11-21,https://news.google.com/articles/CBMiQ2h0dHBzOi8vd3d3LmNiYy5jYS9uZXdzL2J1c2luZXNzL2NhbmFkYS1pbmZsYXRpb24tb2N0b2Jlci0xLjcwMzQ2ODbSASBodHRwczovL3d3dy5jYmMuY2EvYW1wLzEuNzAzNDY4Ng?hl=en-CA&gl=CA&ceid=CA%3Aen
"U.S. inflation ticked up in February, driven by higher rent and gas prices",CBC News,2024-03-12,https://news.google.com/articles/CBMiSWh0dHBzOi8vd3d3LmNiYy5jYS9uZXdzL2J1c2luZXNzL3VzLWNwaS1kYXRhLWluZmxhdGlvbi1mZWJydWFyeS0xLjcxNDEwNDXSASBodHRwczovL3d3dy5jYmMuY2EvYW1wLzEuNzE0MTA0NQ?hl=en-CA&gl=CA&ceid=CA%3Aen
Food Inflation In Canada: What You Need To Know,Forbes,2024-02-28,https://news.google.com/articles/CBMiQmh0dHBzOi8vd3d3LmZvcmJlcy5jb20vYWR2aXNvci9jYS9wZXJzb25hbC1maW5hbmNlL2Zvb2QtaW5mbGF0aW9uL9IBAA?hl=en-CA&gl=CA&ceid=CA%3Aen
Understanding Inflation Dynamics: The Role of Government Expenditures,Bank of Canada,2023-06-09,https://news.google.com/articles/CBMiQGh0dHBzOi8vd3d3LmJhbmtvZmNhbmFkYS5jYS8yMDIzLzA2L3N0YWZmLXdvcmtpbmctcGFwZXItMjAyMy0zMC_SAQA?hl=en-CA&gl=CA&ceid=CA%3Aen
"Canada's inflation unexpectedly rises in April, upping rate-hike pressure",Reuters,2023-05-16,https://news.google.com/articles/CBMiX2h0dHBzOi8vd3d3LnJldXRlcnMuY29tL3dvcmxkL2FtZXJpY2FzL2NhbmFkYXMtYW5udWFsLWluZmxhdGlvbi1yYXRlLXJpc2VzLTQ0LWFwcmlsLTIwMjMtMDUtMTYv0gEA?hl=en-CA&gl=CA&ceid=CA%3Aen
"Canadian inflation jumps in July, raising prospect of another rate hike",Reuters Canada,2023-08-15,https://news.google.com/articles/CBMia2h0dHBzOi8vd3d3LnJldXRlcnMuY29tL3dvcmxkL2FtZXJpY2FzL2NhbmFkYXMtaW5mbGF0aW9uLXJhdGUtYWNjZWxlcmF0ZXMtanVseS1mb29kLXByaWNlcy1lYXNlLTIwMjMtMDgtMTUv0gEA?hl=en-CA&gl=CA&ceid=CA%3Aen
"Inflation rate unexpectedly increased in April, jumping up to 4.4%",CBC News,2023-05-16,https://news.google.com/articles/CBMiOmh0dHBzOi8vd3d3LmNiYy5jYS9uZXdzL2J1c2luZXNzL2luZmxhdGlvbi1hcHJpbC0xLjY4NDQ3MDPSASBodHRwczovL3d3dy5jYmMuY2EvYW1wLzEuNjg0NDcwMw?hl=en-CA&gl=CA&ceid=CA%3Aen
Inflation falls into the Bank of Canada’s target range. Are rate hikes done?,Global News,2023-07-18,https://news.google.com/articles/CBMiPmh0dHBzOi8vZ2xvYmFsbmV3cy5jYS9uZXdzLzk4Mzg5OTYvY2FuYWRhLWluZmxhdGlvbi1qdW5lLTIwMjMv0gFCaHR0cHM6Ly9nbG9iYWxuZXdzLmNhL25ld3MvOTgzODk5Ni9jYW5hZGEtaW5mbGF0aW9uLWp1bmUtMjAyMy9hbXAv?hl=en-CA&gl=CA&ceid=CA%3Aen
Monetary Policy Report – January 2024,Bank of Canada,2024-01-24,https://news.google.com/articles/CBMiM2h0dHBzOi8vd3d3LmJhbmtvZmNhbmFkYS5jYS8yMDI0LzAxL21wci0yMDI0LTAxLTI0L9IBAA?hl=en-CA&gl=CA&ceid=CA%3Aen
"Economic progress report: Immigration, housing and the outlook for inflation",Bank of Canada,2023-12-07,https://news.google.com/articles/CBMiY2h0dHBzOi8vd3d3LmJhbmtvZmNhbmFkYS5jYS8yMDIzLzEyL2Vjb25vbWljLXByb2dyZXNzLXJlcG9ydC1pbW1pZ3JhdGlvbi1ob3VzaW5nLW91dGxvb2staW5mbGF0aW9uL9IBAA?hl=en-CA&gl=CA&ceid=CA%3Aen
"Research to Insights: Perspectives on growth, inflation and affordability",Statistique Canada,2023-11-16,https://news.google.com/articles/CBMiRGh0dHBzOi8vd3d3MTUwLnN0YXRjYW4uZ2MuY2EvbjEvcHViLzExLTYzMS14LzExLTYzMS14MjAyMzAwNy1lbmcuaHRt0gEA?hl=en-CA&gl=CA&ceid=CA%3Aen
Inflation is cooling. The cost of living crisis is not,CBC News,2023-10-19,https://news.google.com/articles/CBMiUWh0dHBzOi8vd3d3LmNiYy5jYS9uZXdzL2J1c2luZXNzL2FybXN0cm9uZy1pbmZsYXRpb24tY3BpLWJhbmstb2YtY2FuYWRhLTEuNzAwMDQ2NNIBIGh0dHBzOi8vd3d3LmNiYy5jYS9hbXAvMS43MDAwNDY0?hl=en-CA&gl=CA&ceid=CA%3Aen
Province caps annual rent increase well below inflation | BC Gov News,BC Gov News,2023-09-11,https://news.google.com/articles/CBMiM2h0dHBzOi8vbmV3cy5nb3YuYmMuY2EvcmVsZWFzZXMvMjAyM0hPVVMwMTEyLTAwMTQzMNIBAA?hl=en-CA&gl=CA&ceid=CA%3Aen
Did inflation ease in January? Here’s what economists expect,Global News,2024-02-19,https://news.google.com/articles/CBMiQ2h0dHBzOi8vZ2xvYmFsbmV3cy5jYS9uZXdzLzEwMzAzNTEzL2luZmxhdGlvbi1qYW51YXJ5LTIwMjQtcHJldmlldy_SAUdodHRwczovL2dsb2JhbG5ld3MuY2EvbmV3cy8xMDMwMzUxMy9pbmZsYXRpb24tamFudWFyeS0yMDI0LXByZXZpZXcvYW1wLw?hl=en-CA&gl=CA&ceid=CA%3Aen
Communicating Inflation Uncertainty and Household Expectations,Bank of Canada,2023-12-29,https://news.google.com/articles/CBMiQGh0dHBzOi8vd3d3LmJhbmtvZmNhbmFkYS5jYS8yMDIzLzEyL3N0YWZmLXdvcmtpbmctcGFwZXItMjAyMy02My_SAQA?hl=en-CA&gl=CA&ceid=CA%3Aen
Canada's December inflation dashes hopes of early rate cut,Reuters,2024-01-16,https://news.google.com/articles/CBMiX2h0dHBzOi8vd3d3LnJldXRlcnMuY29tL21hcmtldHMvY2FuYWRhcy1pbmZsYXRpb24tcmlzZXMtMzQtZGVjLW1lZXRpbmctZXhwZWN0YXRpb25zLTIwMjQtMDEtMTYv0gEA?hl=en-CA&gl=CA&ceid=CA%3Aen
Why inflation’s latest jump is bad news for the Bank of Canada,Global News,2023-08-15,https://news.google.com/articles/CBMiTmh0dHBzOi8vZ2xvYmFsbmV3cy5jYS9uZXdzLzk4OTY4MzgvaW5mbGF0aW9uLXJhdGUtanVseS0yMDIzLXN0YXRpc3RpY3MtY2FuYWRhL9IBUmh0dHBzOi8vZ2xvYmFsbmV3cy5jYS9uZXdzLzk4OTY4MzgvaW5mbGF0aW9uLXJhdGUtanVseS0yMDIzLXN0YXRpc3RpY3MtY2FuYWRhL2FtcC8?hl=en-CA&gl=CA&ceid=CA%3Aen
Inflation: Canada's annual rate fell to 3.8 per cent in September,CTV News,2023-10-17,https://news.google.com/articles/CBMidWh0dHBzOi8vd3d3LmN0dm5ld3MuY2EvYnVzaW5lc3Mvc2xvd2Rvd24taW4taW5mbGF0aW9uLXN1cHBvcnRzLWludGVyZXN0LXJhdGUtcGF1c2UtbmV4dC13ZWVrLWVjb25vbWlzdHMtc2F5LTEuNjYwNDQwMNIBAA?hl=en-CA&gl=CA&ceid=CA%3Aen
Inflation Rate Slows to 2.9% in January – Forbes Advisor Canada,Forbes,2024-03-07,https://news.google.com/articles/CBMiOWh0dHBzOi8vd3d3LmZvcmJlcy5jb20vYWR2aXNvci9jYS9iYW5raW5nL2luZmxhdGlvbi1yYXRlL9IBAA?hl=en-CA&gl=CA&ceid=CA%3Aen
Gasoline prices help drive inflation up to 3.4%,CBC.ca,2024-01-16,https://news.google.com/articles/CBMiPWh0dHBzOi8vd3d3LmNiYy5jYS9uZXdzL2J1c2luZXNzL2luZmxhdGlvbi1kZWMtMjAyMy0xLjcwODQ5ODHSASBodHRwczovL3d3dy5jYmMuY2EvYW1wLzEuNzA4NDk4MQ?hl=en-CA&gl=CA&ceid=CA%3Aen
Canada's inflation rate holds steady at 3.1%,CBC News,2023-12-19,https://news.google.com/articles/CBMiRGh0dHBzOi8vd3d3LmNiYy5jYS9uZXdzL2J1c2luZXNzL2NhbmFkYS1pbmZsYXRpb24tbm92ZW1iZXItMS43MDYyOTI00gEgaHR0cHM6Ly93d3cuY2JjLmNhL2FtcC8xLjcwNjI5MjQ?hl=en-CA&gl=CA&ceid=CA%3Aen
A tale of two bread lines: Rising inflation in a Canadian context,McGill University,2023-04-04,https://news.google.com/articles/CBMiS2h0dHBzOi8vd3d3Lm1jZ2lsbC5jYS9tYXhiZWxsc2Nob29sL21heC1wb2xpY3kvYnJlYWQtbGluZXMtcmlzaW5nLWluZmxhdGlvbtIBAA?hl=en-CA&gl=CA&ceid=CA%3Aen
"Economic progress report: Target in sight, but we're not there yet",Bank of Canada,2023-09-07,https://news.google.com/articles/CBMiZGh0dHBzOi8vd3d3LmJhbmtvZmNhbmFkYS5jYS8yMDIzLzA5L2Vjb25vbWljLXByb2dyZXNzLXJlcG9ydC10YXJnZXQtaW4tc2lnaHQtYnV0LXdlcmUtbm90LXRoZXJlLXlldC_SAQA?hl=en-CA&gl=CA&ceid=CA%3Aen
Inflation rises slightly to 4.4% in April. Here's what that means for the cost of living in Canada,The Globe and Mail,2023-05-16,https://news.google.com/articles/CBMiTGh0dHBzOi8vd3d3LnRoZWdsb2JlYW5kbWFpbC5jb20vYnVzaW5lc3MvYXJ0aWNsZS1jYW5hZGEtaW5mbGF0aW9uLXJhdGUtMjAyMy_SAQA?hl=en-CA&gl=CA&ceid=CA%3Aen
US inflation falls to lowest level since May 2021,CNN,2023-04-12,https://news.google.com/articles/CBMiRWh0dHBzOi8vd3d3LmNubi5jb20vMjAyMy8wNC8xMi9lY29ub215L2NwaS1pbmZsYXRpb24tbWFyY2gvaW5kZXguaHRtbNIBSWh0dHBzOi8vYW1wLmNubi5jb20vY25uLzIwMjMvMDQvMTIvZWNvbm9teS9jcGktaW5mbGF0aW9uLW1hcmNoL2luZGV4Lmh0bWw?hl=en-CA&gl=CA&ceid=CA%3Aen
Inflation rate dropped to 3.4% in May. What that means for the Bank of Canada,Global News,2023-06-27,https://news.google.com/articles/CBMiS2h0dHBzOi8vZ2xvYmFsbmV3cy5jYS9uZXdzLzk3OTQxNjYvaW5mbGF0aW9uLWNhbmFkYS1tYXktMjAyMy1pbnRlcmVzdC1yYXRlL9IBT2h0dHBzOi8vZ2xvYmFsbmV3cy5jYS9uZXdzLzk3OTQxNjYvaW5mbGF0aW9uLWNhbmFkYS1tYXktMjAyMy1pbnRlcmVzdC1yYXRlL2FtcC8?hl=en-CA&gl=CA&ceid=CA%3Aen
‘Unsettling news’: What inflation’s uptick means for the Bank of Canada,Global News,2024-01-16,https://news.google.com/articles/CBMiPmh0dHBzOi8vZ2xvYmFsbmV3cy5jYS9uZXdzLzEwMjI4NzY5L2NhbmFkYS1kZWNlbWJlci1pbmZsYXRpb24v0gFCaHR0cHM6Ly9nbG9iYWxuZXdzLmNhL25ld3MvMTAyMjg3NjkvY2FuYWRhLWRlY2VtYmVyLWluZmxhdGlvbi9hbXAv?hl=en-CA&gl=CA&ceid=CA%3Aen
"Inflation gauge increased 0.4% in February, as expected and up 6% from a year ago",CNBC,2023-03-14,https://news.google.com/articles/CBMiQWh0dHBzOi8vd3d3LmNuYmMuY29tLzIwMjMvMDMvMTQvY3BpLWluZmxhdGlvbi1mZWJydWFyeS0yMDIzLS5odG1s0gFFaHR0cHM6Ly93d3cuY25iYy5jb20vYW1wLzIwMjMvMDMvMTQvY3BpLWluZmxhdGlvbi1mZWJydWFyeS0yMDIzLS5odG1s?hl=en-CA&gl=CA&ceid=CA%3Aen
Is high inflation the new normal?,Vox.com,2023-05-10,https://news.google.com/articles/CBMiXmh0dHBzOi8vd3d3LnZveC5jb20vZnV0dXJlLXBlcmZlY3QvMjM3MTc2MDAvaGlnaC1pbmZsYXRpb24tY3BpLWNsaW1hdGUtY2hhbmdlLXBvcHVsYXRpb24tYWdpbmfSAQA?hl=en-CA&gl=CA&ceid=CA%3Aen
Inflation in Argentina surges past 100 percent in historic spike,Al Jazeera English,2023-03-14,https://news.google.com/articles/CBMiaWh0dHBzOi8vd3d3LmFsamF6ZWVyYS5jb20vbmV3cy8yMDIzLzMvMTQvaW5mbGF0aW9uLWluLWFyZ2VudGluYS1zdXJnZXMtcGFzdC0xMDAtcGVyY2VudC1pbi1oaXN0b3JpYy1zcGlrZdIBbWh0dHBzOi8vd3d3LmFsamF6ZWVyYS5jb20vYW1wL25ld3MvMjAyMy8zLzE0L2luZmxhdGlvbi1pbi1hcmdlbnRpbmEtc3VyZ2VzLXBhc3QtMTAwLXBlcmNlbnQtaW4taGlzdG9yaWMtc3Bpa2U?hl=en-CA&gl=CA&ceid=CA%3Aen
Has the Bank of Canada conquered inflation? It's complicated,CBC News,2023-06-28,https://news.google.com/articles/CBMiTGh0dHBzOi8vd3d3LmNiYy5jYS9uZXdzL2J1c2luZXNzL2NwaS1jb21wbGljYXRlZC1jb2x1bW4tZG9uLXBpdHRpcy0xLjY4ODk4OTfSASBodHRwczovL3d3dy5jYmMuY2EvYW1wLzEuNjg4OTg5Nw?hl=en-CA&gl=CA&ceid=CA%3Aen
Canada's inflation rate cools to 4.3% in March,CBC News,2023-04-18,https://news.google.com/articles/CBMiP2h0dHBzOi8vd3d3LmNiYy5jYS9uZXdzL2J1c2luZXNzL2luZmxhdGlvbi1yYXRlLW1hcmNoLTEuNjgxMzg2M9IBIGh0dHBzOi8vd3d3LmNiYy5jYS9hbXAvMS42ODEzODYz?hl=en-CA&gl=CA&ceid=CA%3Aen
Canada's inflation rate slows to 3.8%,CBC News,2023-10-17,https://news.google.com/articles/CBMiRWh0dHBzOi8vd3d3LmNiYy5jYS9uZXdzL2J1c2luZXNzL2NhbmFkYS1pbmZsYXRpb24tc2VwdGVtYmVyLTEuNjk5ODUwM9IBIGh0dHBzOi8vd3d3LmNiYy5jYS9hbXAvMS42OTk4NTAz?hl=en-CA&gl=CA&ceid=CA%3Aen
Inflation just took a ‘significant step away’ from the Bank of Canada’s 2% goal,Global News,2023-09-19,https://news.google.com/articles/CBMiQGh0dHBzOi8vZ2xvYmFsbmV3cy5jYS9uZXdzLzk5NzA1MzkvY2FuYWRhLWluZmxhdGlvbi1hdWd1c3QtMjAyMy_SAURodHRwczovL2dsb2JhbG5ld3MuY2EvbmV3cy85OTcwNTM5L2NhbmFkYS1pbmZsYXRpb24tYXVndXN0LTIwMjMvYW1wLw?hl=en-CA&gl=CA&ceid=CA%3Aen
The contribution of firm profits to the recent rise in inflation,Bank of Canada,2023-08-01,https://news.google.com/articles/CBMiQmh0dHBzOi8vd3d3LmJhbmtvZmNhbmFkYS5jYS8yMDIzLzA4L3N0YWZmLWFuYWx5dGljYWwtbm90ZS0yMDIzLTEyL9IBAA?hl=en-CA&gl=CA&ceid=CA%3Aen
"U.S. inflation rate eases to 3.2%, lower than anticipated",CBC News,2023-11-14,https://news.google.com/articles/CBMiRWh0dHBzOi8vd3d3LmNiYy5jYS9uZXdzL2J1c2luZXNzL3Utcy1pbmZsYXRpb24tcmF0ZS1vY3RvYmVyLTEuNzAyNzU3MtIBIGh0dHBzOi8vd3d3LmNiYy5jYS9hbXAvMS43MDI3NTcy?hl=en-CA&gl=CA&ceid=CA%3Aen
"Inflation Cools Notably, but It's a Long Road Back to Normal",The New York Times,2023-04-12,https://news.google.com/articles/CBMiRGh0dHBzOi8vd3d3Lm55dGltZXMuY29tLzIwMjMvMDQvMTIvYnVzaW5lc3MvaW5mbGF0aW9uLWZlZC1yYXRlcy5odG1s0gEA?hl=en-CA&gl=CA&ceid=CA%3Aen
Inflation rate drops to 5.2% in February — but grocery prices are still up,CBC News,2023-03-21,https://news.google.com/articles/CBMiSWh0dHBzOi8vd3d3LmNiYy5jYS9uZXdzL2J1c2luZXNzL2NhbmFkYS1pbmZsYXRpb24tZmVicnVhcnktMjAyMy0xLjY3ODU0NzLSASBodHRwczovL3d3dy5jYmMuY2EvYW1wLzEuNjc4NTQ3Mg?hl=en-CA&gl=CA&ceid=CA%3Aen
Proof Point: Will a weak Canadian dollar fire up inflation?,RBC Thought Leadership -,2023-04-18,https://news.google.com/articles/CBMiXGh0dHBzOi8vdGhvdWdodGxlYWRlcnNoaXAucmJjLmNvbS9wcm9vZi1wb2ludC13aWxsLWEtd2Vhay1jYW5hZGlhbi1kb2xsYXItZmlyZS11cC1pbmZsYXRpb24v0gEA?hl=en-CA&gl=CA&ceid=CA%3Aen
Canada's annual inflation rate fell to 3.8 per cent in September,CP24,2023-10-17,https://news.google.com/articles/CBMimAFodHRwczovL3d3dy5jcDI0LmNvbS9uZXdzL3Nsb3dkb3duLWluLWluZmxhdGlvbi1zdXBwb3J0cy1pbnRlcmVzdC1yYXRlLXBhdXNlLW5leHQtd2Vlay1lY29ub21pc3RzLXNheS0xLjY2MDQ0MzY_Y2FjaGU9JTNGY2xpcElkJTNEODk5MjYlM0ZjbGlwSWQlM0Q2ODU5N9IBAA?hl=en-CA&gl=CA&ceid=CA%3Aen
Inflation: We've been here before,Canadian Union of Public Employees,2023-06-06,https://news.google.com/articles/CBMiKGh0dHBzOi8vY3VwZS5jYS9pbmZsYXRpb24td2V2ZS1iZWVuLWhlcmXSAQA?hl=en-CA&gl=CA&ceid=CA%3Aen
"Canada's inflation rate tumbles to 2.8%, but economists warn inflation fight not over",CP24,2023-07-18,https://news.google.com/articles/CBMilwFodHRwczovL3d3dy5jcDI0LmNvbS9uZXdzL2NhbmFkYS1zLWluZmxhdGlvbi1yYXRlLXR1bWJsZWQtdG8taXRzLWxvd2VzdC1sZXZlbC1pbi1tb3JlLXRoYW4tdHdvLXllYXJzLWxhc3QtbW9udGgtaGVyZS1pcy13aGF0LXlvdS1uZWVkLXRvLWtub3ctMS42NDgzODA50gEA?hl=en-CA&gl=CA&ceid=CA%3Aen
"U.S. inflation rate flat at 3.7% in September, suggesting long road back to 2% target",CBC News,2023-10-12,https://news.google.com/articles/CBMiN2h0dHBzOi8vd3d3LmNiYy5jYS9uZXdzL2J1c2luZXNzL3VzLWluZmxhdGlvbi0xLjY5OTM1ODXSASBodHRwczovL3d3dy5jYmMuY2EvYW1wLzEuNjk5MzU4NQ?hl=en-CA&gl=CA&ceid=CA%3Aen
U.S. inflation ticks higher in December. What that means for the Fed,Global News,2024-01-11,https://news.google.com/articles/CBMiSmh0dHBzOi8vZ2xvYmFsbmV3cy5jYS9uZXdzLzEwMjE4NzEyL3VzLWluZmxhdGlvbi1kZWNlbWJlci1mZWRlcmFsLXJlc2VydmUv0gFOaHR0cHM6Ly9nbG9iYWxuZXdzLmNhL25ld3MvMTAyMTg3MTIvdXMtaW5mbGF0aW9uLWRlY2VtYmVyLWZlZGVyYWwtcmVzZXJ2ZS9hbXAv?hl=en-CA&gl=CA&ceid=CA%3Aen
Inflation in Canada: Consumer price index update,CTV News,2024-02-20,https://news.google.com/articles/CBMie2h0dHBzOi8vd3d3LmN0dm5ld3MuY2EvYnVzaW5lc3MvdmVyeS1wbGVhc2FudC1zdXJwcmlzZS1jYW5hZGEtcy1pbmZsYXRpb24tcmF0ZS10dW1ibGVkLXRvLTItOS1wZXItY2VudC1pbi1qYW51YXJ5LTEuNjc2MDk0NtIBAA?hl=en-CA&gl=CA&ceid=CA%3Aen
"If you don't like inflation, you'll hate deflation",CBC News,2023-09-21,https://news.google.com/articles/CBMiSWh0dHBzOi8vd3d3LmNiYy5jYS9uZXdzL2J1c2luZXNzL2RlZmxhdGlvbi1yaXNrcy1pbnRlcmVzdC1yYXRlcy0xLjY5NzEyNznSASBodHRwczovL3d3dy5jYmMuY2EvYW1wLzEuNjk3MTI3OQ?hl=en-CA&gl=CA&ceid=CA%3Aen
"U.S. inflation up 0.3% in January, Fed still expected to cut interest rates this year",CBC News,2024-02-13,https://news.google.com/articles/CBMiOWh0dHBzOi8vd3d3LmNiYy5jYS9uZXdzL2J1c2luZXNzL3VzLWNwaS1qYW51YXJ5LTEuNzExMzQyONIBIGh0dHBzOi8vd3d3LmNiYy5jYS9hbXAvMS43MTEzNDI4?hl=en-CA&gl=CA&ceid=CA%3Aen
Canada's inflation rate holds surprisingly steady on pressure from services,The Globe and Mail,2023-12-19,https://news.google.com/articles/CBMicWh0dHBzOi8vd3d3LnRoZWdsb2JlYW5kbWFpbC5jb20vYnVzaW5lc3MvYXJ0aWNsZS1jYW5hZGFzLWluZmxhdGlvbi1yYXRlLWhvbGRzLXN1cnByaXNpbmdseS1zdGVhZHktaW4tbm92ZW1iZXItYXMv0gEA?hl=en-CA&gl=CA&ceid=CA%3Aen
U.S. inflation rate cools to 4.9% but consumer prices still stubbornly high,CBC News,2023-05-10,https://news.google.com/articles/CBMiPWh0dHBzOi8vd3d3LmNiYy5jYS9uZXdzL2J1c2luZXNzL3VzLWluZmxhdGlvbi1hcHJpbC0xLjY4MzgyOTPSASBodHRwczovL3d3dy5jYmMuY2EvYW1wLzEuNjgzODI5Mw?hl=en-CA&gl=CA&ceid=CA%3Aen
Canada's inflation rate increases to 4%,CBC News,2023-09-19,https://news.google.com/articles/CBMiRmh0dHBzOi8vd3d3LmNiYy5jYS9uZXdzL2J1c2luZXNzL2luZmxhdGlvbi1jcGktY2FuYWRhLWF1Z3VzdC0xLjY5NzExMzbSASBodHRwczovL3d3dy5jYmMuY2EvYW1wLzEuNjk3MTEzNg?hl=en-CA&gl=CA&ceid=CA%3Aen
"Canada's inflation slows in September, likely heading off rate hike",Reuters,2023-10-17,https://news.google.com/articles/CBMiamh0dHBzOi8vd3d3LnJldXRlcnMuY29tL21hcmtldHMvY2FuYWRhcy1pbmZsYXRpb24tZWFzZXMtc2VwdGVtYmVyLWxpa2VseS1oZWFkaW5nLW9mZi1yYXRlLWhpa2UtMjAyMy0xMC0xNy_SAQA?hl=en-CA&gl=CA&ceid=CA%3Aen
"Inflation jumped higher last month, to 3.3%",CBC News,2023-08-16,https://news.google.com/articles/CBMiQGh0dHBzOi8vd3d3LmNiYy5jYS9uZXdzL2J1c2luZXNzL2NhbmFkYS1pbmZsYXRpb24tanVseS0xLjY5MzY1NTfSASBodHRwczovL3d3dy5jYmMuY2EvYW1wLzEuNjkzNjU1Nw?hl=en-CA&gl=CA&ceid=CA%3Aen
"The Signal and the Noise, Part II: CPI Inflation | CEA",The White House,2023-05-10,https://news.google.com/articles/CBMia2h0dHBzOi8vd3d3LndoaXRlaG91c2UuZ292L2NlYS93cml0dGVuLW1hdGVyaWFscy8yMDIzLzA1LzEwL3RoZS1zaWduYWwtYW5kLXRoZS1ub2lzZS1wYXJ0LWlpLWNwaS1pbmZsYXRpb24v0gEA?hl=en-CA&gl=CA&ceid=CA%3Aen
Food inflation is cooling. But expect to feel a ‘pinch’ for holiday dinners,Global News,2023-12-19,https://news.google.com/articles/CBMiQ2h0dHBzOi8vZ2xvYmFsbmV3cy5jYS9uZXdzLzEwMTc5MDg1L2NhbmFkYS1pbmZsYXRpb24tbm92ZW1iZXItMjAyMy_SAUdodHRwczovL2dsb2JhbG5ld3MuY2EvbmV3cy8xMDE3OTA4NS9jYW5hZGEtaW5mbGF0aW9uLW5vdmVtYmVyLTIwMjMvYW1wLw?hl=en-CA&gl=CA&ceid=CA%3Aen
"Past rate hikes may be enough to bring inflation back to target, Tiff Macklem says in speech",CBC News,2023-11-22,https://news.google.com/articles/CBMiPmh0dHBzOi8vd3d3LmNiYy5jYS9uZXdzL2J1c2luZXNzL3RpZmYtbWFja2xlbS1zcGVlY2gtMS43MDM2NTIy0gEgaHR0cHM6Ly93d3cuY2JjLmNhL2FtcC8xLjcwMzY1MjI?hl=en-CA&gl=CA&ceid=CA%3Aen
Assessing the effects of higher immigration on the Canadian economy and inflation,Bank of Canada,2023-12-07,https://news.google.com/articles/CBMiQmh0dHBzOi8vd3d3LmJhbmtvZmNhbmFkYS5jYS8yMDIzLzEyL3N0YWZmLWFuYWx5dGljYWwtbm90ZS0yMDIzLTE3L9IBAA?hl=en-CA&gl=CA&ceid=CA%3Aen
Sweden's inflation rate is higher than expected — and it's kind of Beyoncé's fault,CBC News,2023-06-16,https://news.google.com/articles/CBMiSGh0dHBzOi8vd3d3LmNiYy5jYS9uZXdzL2J1c2luZXNzL3N3ZWRlbi1pbmZsYXRpb24tcmF0ZS1iZXlvbmNlLTEuNjg3ODg1MdIBIGh0dHBzOi8vd3d3LmNiYy5jYS9hbXAvMS42ODc4ODUx?hl=en-CA&gl=CA&ceid=CA%3Aen
Why is Inflation Still High in Canada?,Morningstar.ca,2023-09-21,https://news.google.com/articles/CBMiVGh0dHBzOi8vd3d3Lm1vcm5pbmdzdGFyLmNhL2NhL25ld3MvMjM5MzMxL3doeS1pcy1pbmZsYXRpb24tc3RpbGwtaGlnaC1pbi1jYW5hZGEuYXNweNIBAA?hl=en-CA&gl=CA&ceid=CA%3Aen
Need a reminder of food inflation? Look no further than your Thanksgiving dinner,CBC News,2023-10-06,https://news.google.com/articles/CBMiRmh0dHBzOi8vd3d3LmNiYy5jYS9uZXdzL2J1c2luZXNzL2Zvb2QtaW5mbGF0aW9uLXRoYW5rc2dpdmluZy0xLjY5ODkwNTPSASBodHRwczovL3d3dy5jYmMuY2EvYW1wLzEuNjk4OTA1Mw?hl=en-CA&gl=CA&ceid=CA%3Aen
Rising gasoline prices push up U.S. inflation rate to 3.7%,CBC News,2023-09-13,https://news.google.com/articles/CBMiPmh0dHBzOi8vd3d3LmNiYy5jYS9uZXdzL2J1c2luZXNzL2luZmxhdGlvbi11cy1hdWd1c3QtMS42OTY1MTA50gEgaHR0cHM6Ly93d3cuY2JjLmNhL2FtcC8xLjY5NjUxMDk?hl=en-CA&gl=CA&ceid=CA%3Aen
Canada's annual inflation rate rose 3.4% in December: StatCan,CP24,2024-01-16,https://news.google.com/articles/CBMieGh0dHBzOi8vd3d3LmNwMjQuY29tL25ld3MvYW5udWFsLWluZmxhdGlvbi1yYXRlLWFjY2VsZXJhdGVzLXRvLTMtNC1pbi1kZWMtY29tcGxpY2F0aW5nLXBhdGgtZm9yLWJhbmstb2YtY2FuYWRhLTEuNjcyNzcwNNIBAA?hl=en-CA&gl=CA&ceid=CA%3Aen
‘The hard work begins.’ Economists expecting rise in inflation rate,Global News,2023-08-13,https://news.google.com/articles/CBMiSGh0dHBzOi8vZ2xvYmFsbmV3cy5jYS9uZXdzLzk4OTM2NTgvZWNvbm9taXN0cy1leHBlY3QtaW5mbGF0aW9uLWluY3JlYXNlL9IBTGh0dHBzOi8vZ2xvYmFsbmV3cy5jYS9uZXdzLzk4OTM2NTgvZWNvbm9taXN0cy1leHBlY3QtaW5mbGF0aW9uLWluY3JlYXNlL2FtcC8?hl=en-CA&gl=CA&ceid=CA%3Aen
"Constant price hikes are making inflation worse, Bank of Canada deputy says in speech",CBC News,2023-10-03,https://news.google.com/articles/CBMiO2h0dHBzOi8vd3d3LmNiYy5jYS9uZXdzL2J1c2luZXNzL2NvcnBvcmF0ZS1wcm9maXQtMS42OTg1MjY40gEgaHR0cHM6Ly93d3cuY2JjLmNhL2FtcC8xLjY5ODUyNjg?hl=en-CA&gl=CA&ceid=CA%3Aen
Companies are a lot more willing to raise prices now — and it's making inflation worse,CBC News,2023-11-05,https://news.google.com/articles/CBMiRGh0dHBzOi8vd3d3LmNiYy5jYS9uZXdzL2J1c2luZXNzL2luZmxhdGlvbi1wcm9maXQtYW5hbHlzaXMtMS42OTA5ODc40gEgaHR0cHM6Ly93d3cuY2JjLmNhL2FtcC8xLjY5MDk4Nzg?hl=en-CA&gl=CA&ceid=CA%3Aen
Inflation cools sharply to 3.1% amid lower gas prices,Global News,2023-11-21,https://news.google.com/articles/CBMiQmh0dHBzOi8vZ2xvYmFsbmV3cy5jYS9uZXdzLzEwMTA1MzM5L2NhbmFkYS1pbmZsYXRpb24tb2N0b2Jlci0yMDIzL9IBRmh0dHBzOi8vZ2xvYmFsbmV3cy5jYS9uZXdzLzEwMTA1MzM5L2NhbmFkYS1pbmZsYXRpb24tb2N0b2Jlci0yMDIzL2FtcC8?hl=en-CA&gl=CA&ceid=CA%3Aen
"Rising costs causing ‘inflation isolation’ among Canadians, poll finds",Global News,2023-11-27,https://news.google.com/articles/CBMiRGh0dHBzOi8vZ2xvYmFsbmV3cy5jYS9uZXdzLzEwMTEyOTUyL2luZmxhdGlvbi1pc29sYXRpb24tY2FuYWRhLXBvbGwv0gFIaHR0cHM6Ly9nbG9iYWxuZXdzLmNhL25ld3MvMTAxMTI5NTIvaW5mbGF0aW9uLWlzb2xhdGlvbi1jYW5hZGEtcG9sbC9hbXAv?hl=en-CA&gl=CA&ceid=CA%3Aen
Macklem stands firm on 2% inflation target and willingness to hike more to get there,CBC News,2023-09-07,https://news.google.com/articles/CBMiUGh0dHBzOi8vd3d3LmNiYy5jYS9uZXdzL2J1c2luZXNzL3RpZmYtbWFja2xlbS1jYWxnYXJ5LWluZmxhdGlvbi1zcGVlY2gtMS42OTU5NjM10gEgaHR0cHM6Ly93d3cuY2JjLmNhL2FtcC8xLjY5NTk2MzU?hl=en-CA&gl=CA&ceid=CA%3Aen
"Inflation rate surprises by sticking at 3.1%, reduces chances of early 2024 rate cut",Toronto Star,2023-12-19,https://news.google.com/articles/CBMipQFodHRwczovL3d3dy50aGVzdGFyLmNvbS9idXNpbmVzcy9pbmZsYXRpb24tcmF0ZS1zdXJwcmlzZXMtYnktc3RpY2tpbmctYXQtMy0xLXJlZHVjZXMtY2hhbmNlcy1vZi1lYXJseS0yMDI0LXJhdGUtY3V0L2FydGljbGVfYzQ1MzdhZWEtOWU4YS0xMWVlLWFkMzEtYmZmODEzOWU2MTEwLmh0bWzSAakBaHR0cHM6Ly93d3cudGhlc3Rhci5jb20vYnVzaW5lc3MvaW5mbGF0aW9uLXJhdGUtc3VycHJpc2VzLWJ5LXN0aWNraW5nLWF0LTMtMS1yZWR1Y2VzLWNoYW5jZXMtb2YtZWFybHktMjAyNC1yYXRlLWN1dC9hcnRpY2xlX2M0NTM3YWVhLTllOGEtMTFlZS1hZDMxLWJmZjgxMzllNjExMC5hbXAuaHRtbA?hl=en-CA&gl=CA&ceid=CA%3Aen
Economists Say Increasing Immigration Will Reduce Inflation,Forbes,2023-05-04,https://news.google.com/articles/CBMic2h0dHBzOi8vd3d3LmZvcmJlcy5jb20vc2l0ZXMvc3R1YXJ0YW5kZXJzb24vMjAyMy8wNS8wNC9lY29ub21pc3RzLXNheS1pbmNyZWFzaW5nLWltbWlncmF0aW9uLXdpbGwtcmVkdWNlLWluZmxhdGlvbi_SAQA?hl=en-CA&gl=CA&ceid=CA%3Aen
Monetary Policy Report – October 2023,Bank of Canada,2023-10-25,https://news.google.com/articles/CBMiM2h0dHBzOi8vd3d3LmJhbmtvZmNhbmFkYS5jYS8yMDIzLzEwL21wci0yMDIzLTEwLTI1L9IBAA?hl=en-CA&gl=CA&ceid=CA%3Aen
"Canada inflation slows to 3.1%, keeping bank on hold",BNN Bloomberg,2023-11-21,https://news.google.com/articles/CBMiZGh0dHBzOi8vd3d3LmJubmJsb29tYmVyZy5jYS9zdGF0aXN0aWNzLWNhbmFkYS10by1wdWJsaXNoLWxhdGVzdC1yZWFkaW5nLW9uLWluZmxhdGlvbi10b2RheS0xLjIwMDE1MDnSAQA?hl=en-CA&gl=CA&ceid=CA%3Aen
"N.S. inflation slows to 4.6% in March, but food, housing prices expected to remain high",CBC.ca,2023-04-25,https://news.google.com/articles/CBMibWh0dHBzOi8vd3d3LmNiYy5jYS9uZXdzL2NhbmFkYS9ub3ZhLXNjb3RpYS9ub3ZhLXNjb3RpYS1pbmZsYXRpb24tc2xvd3MtZm9vZC1hbmQtaG91c2luZy1yZW1haW4taGlnaC0xLjY4MjA1NTXSASBodHRwczovL3d3dy5jYmMuY2EvYW1wLzEuNjgyMDU1NQ?hl=en-CA&gl=CA&ceid=CA%3Aen
Here's the inflation breakdown for March 2023 — in one chart,CNBC,2023-04-12,https://news.google.com/articles/CBMiXmh0dHBzOi8vd3d3LmNuYmMuY29tLzIwMjMvMDQvMTIvaGVyZXMtdGhlLWluZmxhdGlvbi1icmVha2Rvd24tZm9yLW1hcmNoLTIwMjMtaW4tb25lLWNoYXJ0Lmh0bWzSAWJodHRwczovL3d3dy5jbmJjLmNvbS9hbXAvMjAyMy8wNC8xMi9oZXJlcy10aGUtaW5mbGF0aW9uLWJyZWFrZG93bi1mb3ItbWFyY2gtMjAyMy1pbi1vbmUtY2hhcnQuaHRtbA?hl=en-CA&gl=CA&ceid=CA%3Aen
"‘Excess demand’ fuelling inflation is now gone, Bank of Canada’s Macklem says",Global News,2023-11-22,https://news.google.com/articles/CBMiVWh0dHBzOi8vZ2xvYmFsbmV3cy5jYS9uZXdzLzEwMTA4MzAzL2luZmxhdGlvbi1leGNlc3MtZGVtYW5kLXRpZmYtbWFja2xlbS1iYW5rLWNhbmFkYS_SAVlodHRwczovL2dsb2JhbG5ld3MuY2EvbmV3cy8xMDEwODMwMy9pbmZsYXRpb24tZXhjZXNzLWRlbWFuZC10aWZmLW1hY2tsZW0tYmFuay1jYW5hZGEvYW1wLw?hl=en-CA&gl=CA&ceid=CA%3Aen
There's now a Bank of Canada number for carbon tax's impact on inflation. It's small,CBC.ca,2023-09-08,https://news.google.com/articles/CBMiWmh0dHBzOi8vd3d3LmNiYy5jYS9uZXdzL2NhbmFkYS9jYWxnYXJ5L2NhcmJvbi10YXgtaW5mbGF0aW9uLXRpZmYtbWFja2xlbS1jYWxnYXJ5LTEuNjk2MDE4OdIBIGh0dHBzOi8vd3d3LmNiYy5jYS9hbXAvMS42OTYwMTg5?hl=en-CA&gl=CA&ceid=CA%3Aen
April Inflation Report: Inflation Slows for 10th Straight Month,The New York Times,2023-05-10,https://news.google.com/articles/CBMiQmh0dHBzOi8vd3d3Lm55dGltZXMuY29tL2xpdmUvMjAyMy8wNS8xMC9idXNpbmVzcy9jcGktaW5mbGF0aW9uLWZlZNIBAA?hl=en-CA&gl=CA&ceid=CA%3Aen
"Inflation rose 0.4% in April and 4.7% from a year ago, according to key gauge for the Fed",CNBC,2023-05-26,https://news.google.com/articles/CBMikQFodHRwczovL3d3dy5jbmJjLmNvbS8yMDIzLzA1LzI2L2luZmxhdGlvbi1yb3NlLTBwb2ludDRwZXJjZW50LWluLWFwcmlsLWFuZC00cG9pbnQ3cGVyY2VudC1mcm9tLWEteWVhci1hZ28tYWNjb3JkaW5nLXRvLWtleS1nYXVnZS1mb3ItdGhlLWZlZC5odG1s0gGVAWh0dHBzOi8vd3d3LmNuYmMuY29tL2FtcC8yMDIzLzA1LzI2L2luZmxhdGlvbi1yb3NlLTBwb2ludDRwZXJjZW50LWluLWFwcmlsLWFuZC00cG9pbnQ3cGVyY2VudC1mcm9tLWEteWVhci1hZ28tYWNjb3JkaW5nLXRvLWtleS1nYXVnZS1mb3ItdGhlLWZlZC5odG1s?hl=en-CA&gl=CA&ceid=CA%3Aen
Here's how much inflation is costing Prince Edward Islanders,CBC.ca,2023-03-31,https://news.google.com/articles/CBMiUGh0dHBzOi8vd3d3LmNiYy5jYS9uZXdzL2NhbmFkYS9wcmluY2UtZWR3YXJkLWlzbGFuZC9wZWktaW5mbGF0aW9uLWNvc3QtMS42Nzk3MTY40gEgaHR0cHM6Ly93d3cuY2JjLmNhL2FtcC8xLjY3OTcxNjg?hl=en-CA&gl=CA&ceid=CA%3Aen
What Is Inflation? How Does It Work?,Forbes,2024-02-13,https://news.google.com/articles/CBMiO2h0dHBzOi8vd3d3LmZvcmJlcy5jb20vYWR2aXNvci9pbnZlc3Rpbmcvd2hhdC1pcy1pbmZsYXRpb24v0gEA?hl=en-CA&gl=CA&ceid=CA%3Aen
Canada - Inflation rate 1987-2028,Statista,2023-11-02,https://news.google.com/articles/CBMiRGh0dHBzOi8vd3d3LnN0YXRpc3RhLmNvbS9zdGF0aXN0aWNzLzI3MTI0Ny9pbmZsYXRpb24tcmF0ZS1pbi1jYW5hZGEv0gEA?hl=en-CA&gl=CA&ceid=CA%3Aen
Projected inflation rate U.S. 2010-2028,Statista,2023-11-30,https://news.google.com/articles/CBMiWWh0dHBzOi8vd3d3LnN0YXRpc3RhLmNvbS9zdGF0aXN0aWNzLzI0NDk4My9wcm9qZWN0ZWQtaW5mbGF0aW9uLXJhdGUtaW4tdGhlLXVuaXRlZC1zdGF0ZXMv0gEA?hl=en-CA&gl=CA&ceid=CA%3Aen
Consumer Price Index Personal Inflation Calculator,Statistique Canada,2023-11-30,https://news.google.com/articles/CBMiRGh0dHBzOi8vd3d3MTUwLnN0YXRjYW4uZ2MuY2EvbjEvcHViLzcxLTYwNy14LzcxLTYwNy14MjAyMDAxNS1lbmcuaHRt0gEA?hl=en-CA&gl=CA&ceid=CA%3Aen
Forward Guidance: Our Weekly Preview - RBC Economics,RBC Thought Leadership -,2024-03-08,https://news.google.com/articles/CBMiRmh0dHBzOi8vdGhvdWdodGxlYWRlcnNoaXAucmJjLmNvbS9mb3J3YXJkLWd1aWRhbmNlLW91ci13ZWVrbHktcHJldmlldy_SAQA?hl=en-CA&gl=CA&ceid=CA%3Aen
Canada’s inflation rate fell to 3.1% in October—where will it go from here?,MoneySense,2023-11-21,https://news.google.com/articles/CBMiOWh0dHBzOi8vd3d3Lm1vbmV5c2Vuc2UuY2Evc3BlbmQvaW5mbGF0aW9uLXJhdGUtaW4tY2FuYWRhL9IBAA?hl=en-CA&gl=CA&ceid=CA%3Aen
P.E.I. inflation levels off but Islanders unlikely to recover lost buying power,CBC.ca,2024-01-17,https://news.google.com/articles/CBMiWWh0dHBzOi8vd3d3LmNiYy5jYS9uZXdzL2NhbmFkYS9wcmluY2UtZWR3YXJkLWlzbGFuZC9wZWktaW5mbGF0aW9uLWRlY2VtYmVyLTIwMjMtMS43MDg2MjEx0gEgaHR0cHM6Ly93d3cuY2JjLmNhL2FtcC8xLjcwODYyMTE?hl=en-CA&gl=CA&ceid=CA%3Aen
Apples to Äpfel: Recent Inflation Trends in the G7 | CEA,The White House,2023-06-27,https://news.google.com/articles/CBMibmh0dHBzOi8vd3d3LndoaXRlaG91c2UuZ292L2NlYS93cml0dGVuLW1hdGVyaWFscy8yMDIzLzA2LzI3L2FwcGxlcy10by1hcGZlbC1yZWNlbnQtaW5mbGF0aW9uLXRyZW5kcy1pbi10aGUtZzcv0gEA?hl=en-CA&gl=CA&ceid=CA%3Aen
Canada's annual inflation rate continues to slow,CP24,2023-03-21,https://news.google.com/articles/CBMic2h0dHBzOi8vd3d3LmNwMjQuY29tL25ld3MvaW5mbGF0aW9uLWluLWNhbmFkYS1jb250aW51ZXMtdG8tc2xvdy1yZWFmZmlybWluZy1ib2Mtcy1yYXRlLXBhdXNlLTEuNjMyMTk5NT9jYWNoZT15ZXMlMjfSAQA?hl=en-CA&gl=CA&ceid=CA%3Aen
Fight against inflation in Canada could hit a turning point in 2024,CTV News,2023-12-24,https://news.google.com/articles/CBMie2h0dHBzOi8vd3d3LmN0dm5ld3MuY2EvcG9saXRpY3MvbW9yZS1jYW5hZGlhbnMtdG8tZmVlbC1waW5jaC1vZi1oaWdoLXJhdGVzLWluLTIwMjQtbWFraW5nLXdheS1mb3ItbG93ZXItaW5mbGF0aW9uLTEuNjcwMDQxOdIBAA?hl=en-CA&gl=CA&ceid=CA%3Aen
Canada's annual inflation rate holds steady at 3.1%,CTV News,2023-12-19,https://news.google.com/articles/CBMifGh0dHBzOi8vd3d3LmN0dm5ld3MuY2EvYnVzaW5lc3MvaW5mbGF0aW9uLWhvbGRzLWF0LTMtMS1pbi1ub3ZlbWJlci1hcy1wcm9ncmVzcy1pbi10YW1waW5nLWRvd24tcHJpY2UtZ3Jvd3RoLXN0YWxscy0xLjY2OTMyNzPSAQA?hl=en-CA&gl=CA&ceid=CA%3Aen
"Inflation has fallen, but the Bank of Canada hasn't backed off rate hikes. Here's why",CP24,2023-07-23,https://news.google.com/articles/CBMi0QFodHRwczovL3d3dy5jcDI0LmNvbS9uZXdzL2luZmxhdGlvbi1oYXMtZmFsbGVuLWJ1dC10aGUtYmFuay1vZi1jYW5hZGEtaGFzbi10LWJhY2tlZC1vZmYtcmF0ZS1oaWtlcy1oZXJlLXMtd2h5LTEuNjQ5MTA5ND9jYWNoZT15ZXNjbGlwSWQxMDQwNjIwMHRleHQlMkZodG1sJTNCY2hhcnNldCUzRHV0Zi04MDQwNCUyRjcuNTc4OTYyJTJGNy42MzIyNDMlMkY3LjU5ODgyONIBAA?hl=en-CA&gl=CA&ceid=CA%3Aen
Why is Canada's inflation rate rising,CTV News Winnipeg,2023-09-19,https://news.google.com/articles/CBMiaWh0dHBzOi8vd2lubmlwZWcuY3R2bmV3cy5jYS93aGF0LWlzLWNhdXNpbmctY2FuYWRhLXMtaW5mbGF0aW9uLXJhdGUtdG8tcmlzZS1hbi1leHBlcnQtd2VpZ2hzLWluLTEuNjU2ODI2MNIBAA?hl=en-CA&gl=CA&ceid=CA%3Aen
'Structural factors' driving shelter inflation as BoC faces communication challenge: economist,BNN Bloomberg,2024-02-21,https://news.google.com/articles/CBMicGh0dHBzOi8vd3d3LmJubmJsb29tYmVyZy5jYS9ib2Mtc2hvdWxkLXN0YXJ0LWxvb2tpbmctcGFzdC10aGUtaW5mbHVlbmNlLW9mLXNoZWx0ZXItaW5mbGF0aW9uLWVjb25vbWlzdC0xLjIwMzY5MjLSAQA?hl=en-CA&gl=CA&ceid=CA%3Aen
Inflation is slowing. What does that mean for the Bank of Canada?,BNN Bloomberg,2023-10-19,https://news.google.com/articles/CBMiZWh0dHBzOi8vd3d3LmJubmJsb29tYmVyZy5jYS9pbmZsYXRpb24taXMtc2xvd2luZy13aGF0LWRvZXMtdGhhdC1tZWFuLWZvci10aGUtYmFuay1vZi1jYW5hZGEtMS4xOTg1NzYw0gEA?hl=en-CA&gl=CA&ceid=CA%3Aen
Argentina inflation soars past 100% mark,BBC.com,2023-03-14,https://news.google.com/articles/CBMiNWh0dHBzOi8vd3d3LmJiYy5jb20vbmV3cy93b3JsZC1sYXRpbi1hbWVyaWNhLTY0OTYwMzg10gE5aHR0cHM6Ly93d3cuYmJjLmNvbS9uZXdzL3dvcmxkLWxhdGluLWFtZXJpY2EtNjQ5NjAzODUuYW1w?hl=en-CA&gl=CA&ceid=CA%3Aen
An Update on Housing Inflation in the Consumer Price Index | CEA,The White House,2023-04-27,https://news.google.com/articles/CBMiX2h0dHBzOi8vd3d3LndoaXRlaG91c2UuZ292L2NlYS93cml0dGVuLW1hdGVyaWFscy8yMDIzLzA0LzI3L3VwZGF0ZS1vbi1ob3VzaW5nLWluZmxhdGlvbi1pbi1jcGkv0gEA?hl=en-CA&gl=CA&ceid=CA%3Aen
Ontario Capping Rent Increases Below the Rate of Inflation,Government of Ontario News,2023-06-30,https://news.google.com/articles/CBMiZWh0dHBzOi8vbmV3cy5vbnRhcmlvLmNhL2VuL3JlbGVhc2UvMTAwMzIyMy9vbnRhcmlvLWNhcHBpbmctcmVudC1pbmNyZWFzZXMtYmVsb3ctdGhlLXJhdGUtb2YtaW5mbGF0aW9u0gEA?hl=en-CA&gl=CA&ceid=CA%3Aen
"Here’s the inflation breakdown for April 2023, in one chart",CNBC,2023-05-10,https://news.google.com/articles/CBMiRGh0dHBzOi8vd3d3LmNuYmMuY29tLzIwMjMvMDUvMTAvYXByaWwtMjAyMy1jcGktaW5mbGF0aW9uLXJlcG9ydC5odG1s0gFIaHR0cHM6Ly93d3cuY25iYy5jb20vYW1wLzIwMjMvMDUvMTAvYXByaWwtMjAyMy1jcGktaW5mbGF0aW9uLXJlcG9ydC5odG1s?hl=en-CA&gl=CA&ceid=CA%3Aen
CEA Blog: Grocery Inflation is Finally Showing Signs of Cooling,The White House,2023-06-16,https://news.google.com/articles/CBMiTmh0dHBzOi8vd3d3LndoaXRlaG91c2UuZ292L2NlYS93cml0dGVuLW1hdGVyaWFscy8yMDIzLzA2LzE2L2dyb2NlcnktaW5mbGF0aW9uL9IBAA?hl=en-CA&gl=CA&ceid=CA%3Aen
Monetary Policy Report – April 2023,Bank of Canada,2023-04-12,https://news.google.com/articles/CBMiM2h0dHBzOi8vd3d3LmJhbmtvZmNhbmFkYS5jYS8yMDIzLzA0L21wci0yMDIzLTA0LTEyL9IBAA?hl=en-CA&gl=CA&ceid=CA%3Aen
"Inflation rate eases to 4.9% in April, less than expectations",CNBC,2023-05-10,https://news.google.com/articles/CBMiPWh0dHBzOi8vd3d3LmNuYmMuY29tLzIwMjMvMDUvMTAvY3BpLWluZmxhdGlvbi1hcHJpbC0yMDIzLmh0bWzSAUFodHRwczovL3d3dy5jbmJjLmNvbS9hbXAvMjAyMy8wNS8xMC9jcGktaW5mbGF0aW9uLWFwcmlsLTIwMjMuaHRtbA?hl=en-CA&gl=CA&ceid=CA%3Aen
"Inflation rate slows more than expected, falling within the Bank of Canada's target range",Financial Post,2024-02-20,https://news.google.com/articles/CBMiVWh0dHBzOi8vZmluYW5jaWFscG9zdC5jb20vbmV3cy9lY29ub215L2NhbmFkYS1pbmZsYXRpb24tcmF0ZS1zbG93cy1tb3JlLXRoYW4tZXhwZWN0ZWTSAYMBaHR0cHM6Ly9maW5hbmNpYWxwb3N0LmNvbS9uZXdzL2Vjb25vbXkvY2FuYWRhLWluZmxhdGlvbi1yYXRlLXNsb3dzLW1vcmUtdGhhbi1leHBlY3RlZC93Y20vZjM0OTQ3N2ItZWI1YS00Mjc2LTgyMzEtMzllOTdiYTdkOTU3L2FtcC8?hl=en-CA&gl=CA&ceid=CA%3Aen
U.S. inflation rose again in February. Here’s what lifted prices,Global News,2024-03-12,https://news.google.com/articles/CBMiRWh0dHBzOi8vZ2xvYmFsbmV3cy5jYS9uZXdzLzEwMzUzNTU5L2luZmxhdGlvbi11cy1jb25zdW1lci1wcmljZXMtZmVkL9IBSWh0dHBzOi8vZ2xvYmFsbmV3cy5jYS9uZXdzLzEwMzUzNTU5L2luZmxhdGlvbi11cy1jb25zdW1lci1wcmljZXMtZmVkL2FtcC8?hl=en-CA&gl=CA&ceid=CA%3Aen
Inflation Is Still High. What's Driving It Has Changed.,The New York Times,2023-04-27,https://news.google.com/articles/CBMiTmh0dHBzOi8vd3d3Lm55dGltZXMuY29tLzIwMjMvMDQvMjcvYnVzaW5lc3MvZWNvbm9teS93aGF0LWNhdXNlcy1pbmZsYXRpb24uaHRtbNIBAA?hl=en-CA&gl=CA&ceid=CA%3Aen
"Inflation sticks at 3.1%, staying stubbornly above Bank of Canada target",Financial Post,2023-12-19,https://news.google.com/articles/CBMiXWh0dHBzOi8vZmluYW5jaWFscG9zdC5jb20vbmV3cy9lY29ub215L2luZmxhdGlvbi1yYXRlLWhvbGRzLXN0ZWFkeS1kZWxheWluZy1pbnRlcmVzdC1yYXRlLWN1dNIBiwFodHRwczovL2ZpbmFuY2lhbHBvc3QuY29tL25ld3MvZWNvbm9teS9pbmZsYXRpb24tcmF0ZS1ob2xkcy1zdGVhZHktZGVsYXlpbmctaW50ZXJlc3QtcmF0ZS1jdXQvd2NtL2Y1YzQwNGQwLTQ4MDctNDE2ZC1hMmI3LWM1OTk0ZDA3MTk1ZC9hbXAv?hl=en-CA&gl=CA&ceid=CA%3Aen
What Explains Global Inflation,World Bank Group,2023-12-19,https://news.google.com/articles/CBMiPGh0dHBzOi8vd3d3LndvcmxkYmFuay5vcmcvZW4vcmVzZWFyY2gvYnJpZWYvZ2xvYmFsLWluZmxhdGlvbtIBAA?hl=en-CA&gl=CA&ceid=CA%3Aen
Canada Inflation Quickens to 3.3% But Core Measure Shows Progress,BNN Bloomberg,2023-08-15,https://news.google.com/articles/CBMiZmh0dHBzOi8vd3d3LmJubmJsb29tYmVyZy5jYS9jYW5hZGEtaW5mbGF0aW9uLXF1aWNrZW5zLXRvLTMtMy1idXQtY29yZS1tZWFzdXJlLXNob3dzLXByb2dyZXNzLTEuMTk1OTE1NNIBAA?hl=en-CA&gl=CA&ceid=CA%3Aen
The Fed Has Targeted 2% Inflation. Should It Aim Higher?,The New York Times,2023-03-24,https://news.google.com/articles/CBMiWWh0dHBzOi8vd3d3Lm55dGltZXMuY29tLzIwMjMvMDMvMjQvYnVzaW5lc3MvaW5mbGF0aW9uLWZlZGVyYWwtcmVzZXJ2ZS1pbnRlcmVzdC1yYXRlcy5odG1s0gEA?hl=en-CA&gl=CA&ceid=CA%3Aen
Why Is Inflation So Sticky? It Could Be Corporate Profits,The Wall Street Journal,2023-05-02,https://news.google.com/articles/CBMiXmh0dHBzOi8vd3d3Lndzai5jb20vYXJ0aWNsZXMvd2h5LWlzLWluZmxhdGlvbi1zby1zdGlja3ktaXQtY291bGQtYmUtY29ycG9yYXRlLXByb2ZpdHMtYjc4ZDkwYjfSAQA?hl=en-CA&gl=CA&ceid=CA%3Aen
Why Are Interest Rates So High? – Forbes Advisor Canada,Forbes,2024-03-06,https://news.google.com/articles/CBMiS2h0dHBzOi8vd3d3LmZvcmJlcy5jb20vYWR2aXNvci9jYS9pbnZlc3Rpbmcvd2h5LWFyZS1pbnRlcmVzdC1yYXRlcy1zby1oaWdoL9IBAA?hl=en-CA&gl=CA&ceid=CA%3Aen
Bank of Canada rate cuts: Timing 'difficult to foresee',CTV News,2024-02-07,https://news.google.com/articles/CBMidmh0dHBzOi8vd3d3LmN0dm5ld3MuY2EvYnVzaW5lc3MvcmF0ZS1jdXQtdGltaW5nLWRpZmZpY3VsdC10by1mb3Jlc2VlLWFtaWQtaW5mbGF0aW9uLXByZXNzdXJlcy1iYW5rLW9mLWNhbmFkYS0xLjY3NTk5MjHSAQA?hl=en-CA&gl=CA&ceid=CA%3Aen
December 2023 CPI Report | CEA,The White House,2024-01-11,https://news.google.com/articles/CBMiVWh0dHBzOi8vd3d3LndoaXRlaG91c2UuZ292L2NlYS93cml0dGVuLW1hdGVyaWFscy8yMDI0LzAxLzExL2RlY2VtYmVyLTIwMjMtY3BpLXJlcG9ydC_SAQA?hl=en-CA&gl=CA&ceid=CA%3Aen
China: inflation rate 2028,Statista,2024-01-12,https://news.google.com/articles/CBMiQ2h0dHBzOi8vd3d3LnN0YXRpc3RhLmNvbS9zdGF0aXN0aWNzLzI3MDMzOC9pbmZsYXRpb24tcmF0ZS1pbi1jaGluYS_SAQA?hl=en-CA&gl=CA&ceid=CA%3Aen
What is Inflation?,NerdWallet,2024-02-20,https://news.google.com/articles/CBMiQGh0dHBzOi8vd3d3Lm5lcmR3YWxsZXQuY29tL2NhL3BlcnNvbmFsLWZpbmFuY2Uvd2hhdC1pcy1pbmZsYXRpb27SAQA?hl=en-CA&gl=CA&ceid=CA%3Aen
Canadian Consumer Price Index (January 2024),TD Economics,2024-02-20,https://news.google.com/articles/CBMiH2h0dHBzOi8vZWNvbm9taWNzLnRkLmNvbS9jYS1jcGnSAQA?hl=en-CA&gl=CA&ceid=CA%3Aen
Canada's inflation rate slows and bolsters bets on early rate cut,Reuters Canada,2024-02-20,https://news.google.com/articles/CBMibWh0dHBzOi8vd3d3LnJldXRlcnMuY29tL3dvcmxkL2FtZXJpY2FzL2NhbmFkYXMtaW5mbGF0aW9uLXJhdGUtZHJvcHMtbW9yZS10aGFuLWV4cGVjdGVkLTI5LWphbnVhcnktMjAyNC0wMi0yMC_SAQA?hl=en-CA&gl=CA&ceid=CA%3Aen
Is Gold An Inflation Hedge? – Forbes Advisor,Forbes,2023-05-04,https://news.google.com/articles/CBMiPmh0dHBzOi8vd3d3LmZvcmJlcy5jb20vYWR2aXNvci9pbnZlc3RpbmcvZ29sZC1pbmZsYXRpb24taGVkZ2Uv0gEA?hl=en-CA&gl=CA&ceid=CA%3Aen
Inflation rises in August: Canada's party leaders point fingers,CTV News,2023-09-19,https://news.google.com/articles/CBMihwFodHRwczovL3d3dy5jdHZuZXdzLmNhL3BvbGl0aWNzL3RydWRlYXUtYW5kLXBvaWxpZXZyZS1kZWJhdGUtY29zdC1vZi1saXZpbmctcG9pbnQtZmluZ2Vycy1vdmVyLWxhdGVzdC1pbmZsYXRpb24tcmF0ZS1pbmNyZWFzZS0xLjY1Njg2NjLSAQA?hl=en-CA&gl=CA&ceid=CA%3Aen
"Interest Rates are Up, Inflation's Cooling. So Why Are Prices Still So High?",Discover & Learn - RBC Royal Bank,2023-08-29,https://news.google.com/articles/CBMioQFodHRwczovL3d3dy5yYmNyb3lhbGJhbmsuY29tL2VuLWNhL215LW1vbmV5LW1hdHRlcnMvaW5zcGlyZWQtaW52ZXN0b3IvaW52ZXN0aW5nLWFjYWRlbXkvaW50ZXJlc3QtcmF0ZXMtYXJlLXVwLWluZmxhdGlvbnMtY29vbGluZy1zby13aHktYXJlLXByaWNlcy1zdGlsbC1zby1oaWdoL9IBAA?hl=en-CA&gl=CA&ceid=CA%3Aen
Freeland calls inflation rate drop 'milestone moment',CTV News,2023-07-18,https://news.google.com/articles/CBMiiAFodHRwczovL3d3dy5jdHZuZXdzLmNhL3BvbGl0aWNzL2NhbmFkYS1zLWZpbmFuY2UtbWluaXN0ZXItY2FsbHMtaW5mbGF0aW9uLXJhdGUtZHJvcHBpbmctd2l0aGluLXRhcmdldC1yYW5nZS1hLW1pbGVzdG9uZS1tb21lbnQtMS42NDg0NTk00gEA?hl=en-CA&gl=CA&ceid=CA%3Aen
"U.S. inflation rate ticks up for first time in a year, to 3.2%",CBC News,2023-08-10,https://news.google.com/articles/CBMiPGh0dHBzOi8vd3d3LmNiYy5jYS9uZXdzL2J1c2luZXNzL3VzLWluZmxhdGlvbi1qdWx5LTEuNjkzMjQzOdIBIGh0dHBzOi8vd3d3LmNiYy5jYS9hbXAvMS42OTMyNDM5?hl=en-CA&gl=CA&ceid=CA%3Aen
U.S. inflation rate falls to 3% — slowest pace in 2 years,CBC News,2023-07-12,https://news.google.com/articles/CBMiPGh0dHBzOi8vd3d3LmNiYy5jYS9uZXdzL2J1c2luZXNzL3VzLWluZmxhdGlvbi1qdW5lLTEuNjkwNDI4ONIBIGh0dHBzOi8vd3d3LmNiYy5jYS9hbXAvMS42OTA0Mjg4?hl=en-CA&gl=CA&ceid=CA%3Aen
"Positive growth continues, albeit fragile, and with persistent inflation posing a key risk",OECD,2023-09-19,https://news.google.com/articles/CBMiemh0dHBzOi8vd3d3Lm9lY2Qub3JnL25ld3Nyb29tL3Bvc2l0aXZlLWdyb3d0aC1jb250aW51ZXMtYWxiZWl0LWZyYWdpbGUtYW5kLXdpdGgtcGVyc2lzdGVudC1pbmZsYXRpb24tcG9zaW5nLWEta2V5LXJpc2suaHRt0gEA?hl=en-CA&gl=CA&ceid=CA%3Aen
"Canadian inflation jumps, October rate hike bets rise",Reuters,2023-09-19,https://news.google.com/articles/CBMicWh0dHBzOi8vd3d3LnJldXRlcnMuY29tL2J1c2luZXNzL3JldGFpbC1jb25zdW1lci9jYW5hZGEtaW5mbGF0aW9uLXJhdGUtanVtcHMtNDAtYXVnLWhpZ2hlci1nYXMtcHJpY2VzLTIwMjMtMDktMTkv0gEA?hl=en-CA&gl=CA&ceid=CA%3Aen
Are high interest rates and inflation to blame for the Liberals’ slide in polls?,Global News,2023-12-12,https://news.google.com/articles/CBMiTWh0dHBzOi8vZ2xvYmFsbmV3cy5jYS9uZXdzLzEwMTY0MTY5L2xpYmVyYWxzLWVjb25vbXktaW5mbGF0aW9uLWludGVyZXN0LXJhdGUv0gFRaHR0cHM6Ly9nbG9iYWxuZXdzLmNhL25ld3MvMTAxNjQxNjkvbGliZXJhbHMtZWNvbm9teS1pbmZsYXRpb24taW50ZXJlc3QtcmF0ZS9hbXAv?hl=en-CA&gl=CA&ceid=CA%3Aen
Bank of Canada's inflation 'buffet' muddies timing of cuts,BNN Bloomberg,2024-02-15,https://news.google.com/articles/CBMiXmh0dHBzOi8vd3d3LmJubmJsb29tYmVyZy5jYS9iYW5rLW9mLWNhbmFkYS1zLWluZmxhdGlvbi1idWZmZXQtbXVkZGllcy10aW1pbmctb2YtY3V0cy0xLjIwMzUyMDPSAQA?hl=en-CA&gl=CA&ceid=CA%3Aen
Economists react to November inflation figures,BNN Bloomberg,2023-12-19,https://news.google.com/articles/CBMiZmh0dHBzOi8vd3d3LmJubmJsb29tYmVyZy5jYS93aGF0LWRvLW5vdmVtYmVyLXMtaW5mbGF0aW9uLW51bWJlcnMtbWVhbi1mb3ItdGhlLWJhbmstb2YtY2FuYWRhLTEuMjAxMzU3N9IBAA?hl=en-CA&gl=CA&ceid=CA%3Aen
Too Much Money Can Exacerbate Inflation,TD Economics,2023-09-12,https://news.google.com/articles/CBMiP2h0dHBzOi8vZWNvbm9taWNzLnRkLmNvbS9jYS10b28tbXVjaC1tb25leS1leGFjZXJiYXRlLWluZmxhdGlvbtIBAA?hl=en-CA&gl=CA&ceid=CA%3Aen
'Supercore' Inflation: Connecting the Dots to the Labor Market,TD Economics,2023-04-27,https://news.google.com/articles/CBMiL2h0dHBzOi8vZWNvbm9taWNzLnRkLmNvbS91cy1zdXBlcmNvcmUtaW5mbGF0aW9u0gEA?hl=en-CA&gl=CA&ceid=CA%3Aen
Canada Inflation Holds Steady at 3.1% in November,Morningstar.ca,2023-12-19,https://news.google.com/articles/CBMiXmh0dHBzOi8vd3d3Lm1vcm5pbmdzdGFyLmNhL2NhL25ld3MvMjQ0MTE4L2NhbmFkYS1pbmZsYXRpb24taG9sZHMtc3RlYWR5LWF0LTMxLWluLW5vdmVtYmVyLmFzcHjSAQA?hl=en-CA&gl=CA&ceid=CA%3Aen
Canadian Survey of Consumer Expectations—Third Quarter of 2023,Bank of Canada,2023-10-04,https://news.google.com/articles/CBMiY2h0dHBzOi8vd3d3LmJhbmtvZmNhbmFkYS5jYS8yMDIzLzEwL2NhbmFkaWFuLXN1cnZleS1vZi1jb25zdW1lci1leHBlY3RhdGlvbnMtdGhpcmQtcXVhcnRlci1vZi0yMDIzL9IBAA?hl=en-CA&gl=CA&ceid=CA%3Aen
Inflation is changing the way Canadians are spending,The Globe and Mail,2023-05-27,https://news.google.com/articles/CBMiTWh0dHBzOi8vd3d3LnRoZWdsb2JlYW5kbWFpbC5jb20vYnVzaW5lc3MvYXJ0aWNsZS1pbmZsYXRpb24tY29uc3VtZXItc3BlbmRpbmcv0gEA?hl=en-CA&gl=CA&ceid=CA%3Aen
Canada's inflation rate fell to 2.9% in January,CP24,2024-02-20,https://news.google.com/articles/CBMiaWh0dHBzOi8vd3d3LmNwMjQuY29tL25ld3MvaW5mbGF0aW9uLWZlbGwtdG8td2l0aGluLXRoZS1iYW5rLW9mLWNhbmFkYS1zLXRhcmdldC1yYW5nZS1sYXN0LW1vbnRoLTEuNjc3NTU5NNIBAA?hl=en-CA&gl=CA&ceid=CA%3Aen
These 5 charts show how much 2 years of inflation have really cost you,CNBC,2023-04-14,https://news.google.com/articles/CBMiU2h0dHBzOi8vd3d3LmNuYmMuY29tLzIwMjMvMDQvMTQvY2hhcnRzLWhvdy1tdWNoLWluZmxhdGlvbi1pbmNyZWFzZWQtc2luY2UtMjAyMS5odG1s0gFXaHR0cHM6Ly93d3cuY25iYy5jb20vYW1wLzIwMjMvMDQvMTQvY2hhcnRzLWhvdy1tdWNoLWluZmxhdGlvbi1pbmNyZWFzZWQtc2luY2UtMjAyMS5odG1s?hl=en-CA&gl=CA&ceid=CA%3Aen
Canada's inflation rate falls below 3%,BNN Bloomberg,2024-02-20,https://news.google.com/articles/CBMieGh0dHBzOi8vd3d3LmJubmJsb29tYmVyZy5jYS9lY29ub21pc3RzLWV4cGVjdC1pbmZsYXRpb24tZWFzZWQtaW4tamFudWFyeS1idXQtaG91c2luZy1zdGlsbC10aG9ybi1pbi1ib2Mtcy1zaWRlLTEuMjAzNjc0NdIBAA?hl=en-CA&gl=CA&ceid=CA%3Aen
The Daily Chase: Canada’s inflation rate falls to 2.9%,BNN Bloomberg,2024-02-20,https://news.google.com/articles/CBMiW2h0dHBzOi8vd3d3LmJubmJsb29tYmVyZy5jYS90aGUtZGFpbHktY2hhc2UtY2FuYWRhLXMtaW5mbGF0aW9uLXJhdGUtZmFsbHMtYmVsb3ctMy0xLjIwMzY4MjTSAQA?hl=en-CA&gl=CA&ceid=CA%3Aen
A factor cooling inflation could soon end. What it means for the Bank of Canada,Global News,2023-08-15,https://news.google.com/articles/CBMiTWh0dHBzOi8vZ2xvYmFsbmV3cy5jYS9uZXdzLzk4OTUzNzQvaW5mbGF0aW9uLWJhbmstb2YtY2FuYWRhLWJhc2UteWVhci1lZmZlY3Qv0gFRaHR0cHM6Ly9nbG9iYWxuZXdzLmNhL25ld3MvOTg5NTM3NC9pbmZsYXRpb24tYmFuay1vZi1jYW5hZGEtYmFzZS15ZWFyLWVmZmVjdC9hbXAv?hl=en-CA&gl=CA&ceid=CA%3Aen
'A lot to like': Economists react to Canada's inflation data,BNN Bloomberg,2024-02-20,https://news.google.com/articles/CBMiX2h0dHBzOi8vd3d3LmJubmJsb29tYmVyZy5jYS9hLWxvdC10by1saWtlLWVjb25vbWlzdHMtcmVhY3QtdG8tY2FuYWRhLXMtaW5mbGF0aW9uLWRhdGEtMS4yMDM2OTIz0gEA?hl=en-CA&gl=CA&ceid=CA%3Aen
"Canada's inflation rate unexpectedly holds steady, market trims rate cut bets",Reuters,2023-12-19,https://news.google.com/articles/CBMibWh0dHBzOi8vd3d3LnJldXRlcnMuY29tL21hcmtldHMvcmF0ZXMtYm9uZHMvY2FuYWRhcy1pbmZsYXRpb24tcmF0ZS11bmV4cGVjdGVkbHktaG9sZHMtMzEtbm92ZW1iZXItMjAyMy0xMi0xOS_SAQA?hl=en-CA&gl=CA&ceid=CA%3Aen
"Canada's inflation eases in October, likely closing door on more rate hikes",Reuters,2023-11-24,https://news.google.com/articles/CBMibmh0dHBzOi8vd3d3LnJldXRlcnMuY29tL21hcmtldHMvY2FuYWRhcy1pbmZsYXRpb24tcmF0ZS1lYXNlcy1tb3JlLXRoYW4tZXhwZWN0ZWQtb2N0b2Jlci1nYXMtcHJpY2VzLTIwMjMtMTEtMjEv0gEA?hl=en-CA&gl=CA&ceid=CA%3Aen
"Canada's May inflation rate slows, weakening case for a July rate hike",Reuters,2023-06-27,https://news.google.com/articles/CBMiW2h0dHBzOi8vd3d3LnJldXRlcnMuY29tL21hcmtldHMvY2FuYWRhcy1pbmZsYXRpb24tcmF0ZS1zbG93cy0zNC1tYXktY2hlYXBlci1nYXMtMjAyMy0wNi0yNy_SAQA?hl=en-CA&gl=CA&ceid=CA%3Aen
How Do Agents Form Macroeconomic Expectations? Evidence from Inflation Uncertainty,Bank of Canada,2024-02-14,https://news.google.com/articles/CBMiP2h0dHBzOi8vd3d3LmJhbmtvZmNhbmFkYS5jYS8yMDI0LzAyL3N0YWZmLXdvcmtpbmctcGFwZXItMjAyNC01L9IBAA?hl=en-CA&gl=CA&ceid=CA%3Aen
Canada's inflation rate tumbles to 2.8 per cent in June,CTV News,2023-07-18,https://news.google.com/articles/CBMihgFodHRwczovL3d3dy5jdHZuZXdzLmNhL2J1c2luZXNzL2NhbmFkYS1zLWluZmxhdGlvbi1yYXRlLXR1bWJsZXMtdG8tMi04LXBlci1jZW50LWJ1dC1lY29ub21pc3RzLXdhcm4taW5mbGF0aW9uLWZpZ2h0LW5vdC1vdmVyLTEuNjQ4Mzk1NtIBAA?hl=en-CA&gl=CA&ceid=CA%3Aen
Inflation: Bank of Canada holds key interest rate steady,CTV News,2023-10-25,https://news.google.com/articles/CBMifGh0dHBzOi8vd3d3LmN0dm5ld3MuY2EvYnVzaW5lc3MvYmFuay1vZi1jYW5hZGEtaG9sZHMtaXRzLWtleS1pbnRlcmVzdC1yYXRlLWF0LTUtcGVyLWNlbnQtYXMtY2FuYWRpYW4tZWNvbm9teS1zbG93cy0xLjY2MTU5MzPSAQA?hl=en-CA&gl=CA&ceid=CA%3Aen
Inflation: We've been here before,Canadian Union of Public Employees,2023-10-23,https://news.google.com/articles/CBMiL2h0dHBzOi8vY3VwZS5jYS9pbmZsYXRpb24td2V2ZS1iZWVuLWhlcmUtYmVmb3Jl0gEA?hl=en-CA&gl=CA&ceid=CA%3Aen
Pace of government spending ‘not helpful’ in efforts to tame inflation: Macklem,Global News,2023-10-25,https://news.google.com/articles/CBMiUWh0dHBzOi8vZ2xvYmFsbmV3cy5jYS9uZXdzLzEwMDQ4ODA1L2Jhbmstb2YtY2FuYWRhLWdvdmVybm1lbnQtc3BlbmRpbmctaW5mbGF0aW9uL9IBVWh0dHBzOi8vZ2xvYmFsbmV3cy5jYS9uZXdzLzEwMDQ4ODA1L2Jhbmstb2YtY2FuYWRhLWdvdmVybm1lbnQtc3BlbmRpbmctaW5mbGF0aW9uL2FtcC8?hl=en-CA&gl=CA&ceid=CA%3Aen
'Zero capacity to save': Argentines buckle as inflation tops 104%,Reuters,2023-04-14,https://news.google.com/articles/CBMia2h0dHBzOi8vd3d3LnJldXRlcnMuY29tL3dvcmxkL2FtZXJpY2FzL3plcm8tY2FwYWNpdHktc2F2ZS1hcmdlbnRpbmVzLWJ1Y2tsZS11bmRlci0xMDMtaW5mbGF0aW9uLTIwMjMtMDQtMTQv0gEA?hl=en-CA&gl=CA&ceid=CA%3Aen
"Canada inflation stalls at 3.1%, keeping rates steady",BNN Bloomberg,2023-12-19,https://news.google.com/articles/CBMiY2h0dHBzOi8vd3d3LmJubmJsb29tYmVyZy5jYS9zdGF0aXN0aWNzLWNhbmFkYS10by1yZWxlYXNlLW5vdmVtYmVyLWluZmxhdGlvbi1maWd1cmVzLXRvZGF5LTEuMjAxMzQ5MNIBAA?hl=en-CA&gl=CA&ceid=CA%3Aen
Inflation in Canada up 3.4 per cent in December,CTV News,2024-01-16,https://news.google.com/articles/CBMiigFodHRwczovL3d3dy5jdHZuZXdzLmNhL2J1c2luZXNzL2NhbmFkYS1zLWFubnVhbC1pbmZsYXRpb24tcmF0ZS1hY2NlbGVyYXRlcy10by0zLTQtcGVyLWNlbnQtaW4tZGVjZW1iZXItY29tcGxpY2F0aW5nLXBhdGgtZm9yLWJvYy0xLjY3Mjc1NjXSAQA?hl=en-CA&gl=CA&ceid=CA%3Aen
Britain is getting so desperate to tame inflation it’s talking about food price caps,CNN,2023-05-30,https://news.google.com/articles/CBMiTmh0dHBzOi8vd3d3LmNubi5jb20vMjAyMy8wNS8zMC9lY29ub215L3VrLWluZmxhdGlvbi1mb29kLXByaWNlLWNhcHMvaW5kZXguaHRtbNIBUmh0dHBzOi8vYW1wLmNubi5jb20vY25uLzIwMjMvMDUvMzAvZWNvbm9teS91ay1pbmZsYXRpb24tZm9vZC1wcmljZS1jYXBzL2luZGV4Lmh0bWw?hl=en-CA&gl=CA&ceid=CA%3Aen
"Despite inflation, StatCan data suggests Islanders spending less on groceries",CBC.ca,2023-08-17,https://news.google.com/articles/CBMiU2h0dHBzOi8vd3d3LmNiYy5jYS9uZXdzL2NhbmFkYS9wcmluY2UtZWR3YXJkLWlzbGFuZC9wZWktZ3JvY2VyeS1pbmZsYXRpb24tMS42OTM5NDE10gEgaHR0cHM6Ly93d3cuY2JjLmNhL2FtcC8xLjY5Mzk0MTU?hl=en-CA&gl=CA&ceid=CA%3Aen
Global Inflation Tracker,TD Economics,2024-01-09,https://news.google.com/articles/CBMiLmh0dHBzOi8vZWNvbm9taWNzLnRkLmNvbS9nYmwtaW5mbGF0aW9uLXRyYWNrZXLSAQA?hl=en-CA&gl=CA&ceid=CA%3Aen
Who Really Saw Inflation Coming?,Morningstar.ca,2023-08-18,https://news.google.com/articles/CBMiTmh0dHBzOi8vd3d3Lm1vcm5pbmdzdGFyLmNhL2NhL25ld3MvMjM4MzQ5L3doby1yZWFsbHktc2F3LWluZmxhdGlvbi1jb21pbmcuYXNweNIBAA?hl=en-CA&gl=CA&ceid=CA%3Aen
"VIEW Canada's inflation rises to 3.4% in Dec, dashing hopes of early rate cut",Reuters,2024-01-16,https://news.google.com/articles/CBMiZGh0dHBzOi8vd3d3LnJldXRlcnMuY29tL21hcmtldHMvdmlldy1jYW5hZGFzLWluZmxhdGlvbi1yaXNlcy0zNC1kZWMtbWVldGluZy1leHBlY3RhdGlvbnMtMjAyNC0wMS0xNi_SAQA?hl=en-CA&gl=CA&ceid=CA%3Aen
Inflation is taking a bite out of your snack fix: Junk food profits are up despite fizzling sales,CBC News,2023-04-28,https://news.google.com/articles/CBMiS2h0dHBzOi8vd3d3LmNiYy5jYS9uZXdzL2J1c2luZXNzL2luZmxhdGlvbi1zbmFjay1wcmljZXMtanVuay1mb29kLTEuNjgyNDIwMNIBIGh0dHBzOi8vd3d3LmNiYy5jYS9hbXAvMS42ODI0MjAw?hl=en-CA&gl=CA&ceid=CA%3Aen
"P.E.I. inflation rate rises again, but below national average these days",CBC.ca,2023-09-19,https://news.google.com/articles/CBMiV2h0dHBzOi8vd3d3LmNiYy5jYS9uZXdzL2NhbmFkYS9wcmluY2UtZWR3YXJkLWlzbGFuZC9wZWktaW5mbGF0aW9uLWF1Z3VzdC0yMDIzLTEuNjk3MTI1MNIBIGh0dHBzOi8vd3d3LmNiYy5jYS9hbXAvMS42OTcxMjUw?hl=en-CA&gl=CA&ceid=CA%3Aen
Canada annual inflation rate edges down to 3.8% in September,Reuters,2023-10-17,https://news.google.com/articles/CBMiYGh0dHBzOi8vd3d3LnJldXRlcnMuY29tL21hcmtldHMvY2FuYWRhLWFubnVhbC1pbmZsYXRpb24tcmF0ZS1lZGdlcy1kb3duLTM4LXNlcHRlbWJlci0yMDIzLTEwLTE3L9IBAA?hl=en-CA&gl=CA&ceid=CA%3Aen
Canada's inflation rate fell to 2.9% in January. Here's what happens next,The Globe and Mail,2024-02-20,https://news.google.com/articles/CBMiXGh0dHBzOi8vd3d3LnRoZWdsb2JlYW5kbWFpbC5jb20vYnVzaW5lc3MvYXJ0aWNsZS1jYW5hZGEtaW5mbGF0aW9uLXJhdGUtamFudWFyeS1saXZlLXVwZGF0ZXMv0gEA?hl=en-CA&gl=CA&ceid=CA%3Aen
Monetary Policy Report Press Conference Opening Statement,Bank of Canada,2023-07-12,https://news.google.com/articles/CBMiQWh0dHBzOi8vd3d3LmJhbmtvZmNhbmFkYS5jYS8yMDIzLzA3L29wZW5pbmctc3RhdGVtZW50LTIwMjMtMDctMTIv0gEA?hl=en-CA&gl=CA&ceid=CA%3Aen
